,Titles,Company,location
0,newDot Net Developer,"ThinkgestaltMumbai, Maharashtra","Mumbai, Maharashtra"
1,Dot Net Developer,"SoftlinkRemote in Mumbai, Maharashtra","Remote in Mumbai, Maharashtra"
2,Dot Net Developer,"Awdiz IT ServicesMumbai, Maharashtra","Mumbai, Maharashtra"
3,Junior Dot Net Developer,"ThinkgestaltMumbai, Maharashtra","Mumbai, Maharashtra"
4,Sr. Dot Net Developer,"Choice groupMumbai, Maharashtra","Mumbai, Maharashtra"
5,newDot Net Developer,"Nexonweb Solution Pvt LtdMumbai, Maharashtra","Mumbai, Maharashtra"
6,Dot Net Developer,"ComUnusMumbai, Maharashtra","Mumbai, Maharashtra"
7,newFull stack Dot Net Developer,"Puratech Solutions India Pvt Ltd ( Travel...Mumbai, Maharashtra","Mumbai, Maharashtra"
8,newDot Net Developer MVC,"KnowbilityAndheri, Mumbai, Maharashtra","Andheri, Mumbai, Maharashtra"
9,newDot Net Developer,"Moksha Softlabs Pvt. Ltd.Andheri, Mumbai, Maharashtra","Andheri, Mumbai, Maharashtra"
10,Dot Net Developer,"SySpree Solutions5.0Mumbai, Maharashtra","Mumbai, Maharashtra"
11,Dot net developer,"NetConnect Global2.5Mumbai, Maharashtra","Mumbai, Maharashtra"
12,Dot Net Developer Intern,"SySpree Solutions5.0Mumbai, Maharashtra","Mumbai, Maharashtra"
13,Sr. Dot Net Developer,"Arccus IncRemote in Mumbai, Maharashtra","Remote in Mumbai, Maharashtra"
14,"C#, JavaScript Developer - Dot Net (Fresher upto 1 years) Re...","Confiable SolutionsRemote in Mumbai, Maharashtra","Remote in Mumbai, Maharashtra"
15,Dot Net Developer,"Bigshare services Pvt LtdAndheri, Mumbai, Maharashtra","Andheri, Mumbai, Maharashtra"
16,Jr. Dot Net Developer,"Choice groupMumbai, Maharashtra","Mumbai, Maharashtra"
17,Dot Net Programmer / Developer,"Hindustan COLASNavi Mumbai, Maharashtra","Navi Mumbai, Maharashtra"
18,Dot Net Windows Developer,"Intellect Software SolutionsMumbai, Maharashtra","Mumbai, Maharashtra"
19,Urgently Required Dot Net Developer,"Saksham systems & Technologies pvt ltdMumbai, Maharashtra","Mumbai, Maharashtra"
20,Sr Developer/Lead - .NET,"MarvylogicMumbai, Maharashtra","Mumbai, Maharashtra"
21,Asp Dot Net Developer,"Idealake Information Technologies3.4Mumbai, Maharashtra","Mumbai, Maharashtra"
22,Dot.net Developer,"BrainvireMumbai, Maharashtra","Mumbai, Maharashtra"
23,Dot Net Developer,"NSEIT3.4Mumbai, Maharashtra","Mumbai, Maharashtra"
24,Dot Net Developer,"Advanced Technology Consulting Service (ATCS)Mumbai, Maharashtra","Mumbai, Maharashtra"
25,Dot Net Developer,"DrawseraAndheri, Mumbai, Maharashtra","Andheri, Mumbai, Maharashtra"
26,Dot Net Developer,"Maxus Technologies Pvt. Ltd.Andheri, Mumbai, Maharashtra","Andheri, Mumbai, Maharashtra"
27,Sr.Dot Net Developer / Technical Lead/ Sr Software Engineer,"Push & Pull ServicesMumbai, Maharashtra","Mumbai, Maharashtra"
28,ASP.NET Developer,"Delakshi Biz SolutionsTemporarily Remote in Thane, Maharashtra","Temporarily Remote in Thane, Maharashtra"
29,Dot Net Developer,"Kiya.aiNavi Mumbai, Maharashtra","Navi Mumbai, Maharashtra"
30,Dot Net Developer,"KUDOSiNDiAMalad, Mumbai, Maharashtra","Malad, Mumbai, Maharashtra"
31,Dot Net Developer,"Laqshya Infosoft SolutionsMumbai, Maharashtra","Mumbai, Maharashtra"
32,Dot Net Developer,"Finacus Solutions Pvt Ltd3.3Andheri, Mumbai, Maharashtra","Andheri, Mumbai, Maharashtra"
33,Dot Net Developer,"Spider Software3.3Mumbai, Maharashtra","Mumbai, Maharashtra"
34,ASP.NET Developer,"Saibex NetworkRemote in Mumbai, Maharashtra","Remote in Mumbai, Maharashtra"
35,Senior Dot Net Developer,"GreysoftMumbai, Maharashtra","Mumbai, Maharashtra"
36,newAngular Dot Net Developer,"Benchmark Computer Solution private limitedMumbai, Maharashtra","Mumbai, Maharashtra"
37,newSr. Dot Net Developer,"Infoz Software SolutionMumbai, Maharashtra","Mumbai, Maharashtra"
38,newDot Net Developer,"Arihant Capital MarketsMumbai, Maharashtra","Mumbai, Maharashtra"
39,newDot Net Developer,"Sapphire FoodsMumbai, Maharashtra","Mumbai, Maharashtra"
40,Dot Net Developer,"Acaira Technologies Pvt.LtdMumbai, Maharashtra","Mumbai, Maharashtra"
41,FRESHER DOT NET DEVELOPER - for Mumbai,"Brainvire Infotech Inc.Mumbai, Maharashtra","Mumbai, Maharashtra"
42,Technical Lead - .Net Developer/Dot Net Developer (100% Remo...,"Bold BusinessRemote in Mumbai, Maharashtra","Remote in Mumbai, Maharashtra"
43,Dot Net Developer,"Mobile Programming LLCMumbai, Maharashtra","Mumbai, Maharashtra"
44,"C#, JavaScript Developer - Dot Net (Fresher upto 1 years) Re...","Confiable SolutionsRemote in Mumbai, Maharashtra","Remote in Mumbai, Maharashtra"
45,Dot Net Developer,"VinsysNavi Mumbai, Maharashtra","Navi Mumbai, Maharashtra"
46,Dot Net Developer (Experience of 1 to 3 Yrs),"SupraDigit Solutions Private LimitedTemporarily Remote in Mumbai, Maharashtra","Temporarily Remote in Mumbai, Maharashtra"
47,Fresher Dot Net Developer,"Celusion TechnologiesTemporarily Remote in Thane, Maharashtra","Temporarily Remote in Thane, Maharashtra"
48,Senior Developer â€“ Dot Net,"Mukesoft - IT ConsultantsMumbai, Maharashtra","Mumbai, Maharashtra"
49,Dot Net Developer,"Imperative Business Ventures Pvt LtdThane, Maharashtra","Thane, Maharashtra"
50,Dot net Developer,"Riya - The Travel ExpertMumbai, Maharashtra","Mumbai, Maharashtra"
51,newDot Net Developer,"Expound Technivo PVT LTDMumbai, Maharashtra","Mumbai, Maharashtra"
52,newDot Net Developer,"xovient technology pvt ltdVashi, Navi Mumbai, Maharashtra","Vashi, Navi Mumbai, Maharashtra"
53,"Dot Net Developer(ASP .Net, C#)","Chic Infotech Pvt. Ltd.Navi Mumbai, Maharashtra","Navi Mumbai, Maharashtra"
54,newDot Net Lead,"FENG GROUPMumbai, Maharashtra","Mumbai, Maharashtra"
55,Dot Net Developer,"CeriseTech Solutions Pvt LtdNavi Mumbai, Maharashtra","Navi Mumbai, Maharashtra"
56,Immediate Requirement for ASP.NET Developer (Junior & Senior...,"Talent Corner HR Services Private Limited3.0Mumbai, Maharashtra","Mumbai, Maharashtra"
57,Dot Net Developer,"Route SMS SolutionsMumbai, Maharashtra","Mumbai, Maharashtra"
58,Dot Net Developer,"CODERS BRAIN TECHNOLOGY PRIVATE LIMITEDMumbai, Maharashtra","Mumbai, Maharashtra"
59,"C#, JavaScript Developer - Dot Net (Fresher upto 1 years) Re...","Confiable SolutionsRemote in Mumbai, Maharashtra","Remote in Mumbai, Maharashtra"
60,Dot Net Angular Developer,"FENG GROUPMumbai, Maharashtra","Mumbai, Maharashtra"
61,newUrgent- Senior Dot Net Developer / Full Stack Developer (Tha...,"Talent Corner HR Services Pvt. Ltd.3.8Mumbai, Maharashtra","Mumbai, Maharashtra"
62,Dot Net Developer,"Caresoft ConsultancyThane, Maharashtra","Thane, Maharashtra"
63,Senior Dot Net Developer,"Cogitate TechnologyMumbai, Maharashtra","Mumbai, Maharashtra"
64,newSoftware Engineer II A - GBS IND,"Bank of America3.8Mumbai, Maharashtra","Mumbai, Maharashtra"
65,Dot Net Developer,"AUR ConsultantMumbai, Maharashtra","Mumbai, Maharashtra"
66,Senior Dot Net Developer,"C G Parivar3.6Navi Mumbai, Maharashtra","Navi Mumbai, Maharashtra"
67,Dot Net Developer,"Sudesi Infotech Pvt. LtdThane, Maharashtra","Thane, Maharashtra"
68,Dot Net Developer,"DHANASHREE ENTERPRISESMumbai, Maharashtra","Mumbai, Maharashtra"
69,Software Developer,"ESG Global ServicesThane, Maharashtra","Thane, Maharashtra"
70,Senior Dot Net Developer,"A.K. Capital ServicesMumbai, Maharashtra","Mumbai, Maharashtra"
71,DOT.Net MVC Core Developer,"InnOvator Web SolutionsMalad, Mumbai, Maharashtra","Malad, Mumbai, Maharashtra"
72,Dot Net Software Developer,"Unite SoftMira Road, Mumbai, Maharashtra","Mira Road, Mumbai, Maharashtra"
73,Sr Developer Dot Net,"Cogitate TechnologyNavi Mumbai, Maharashtra","Navi Mumbai, Maharashtra"
74,newExcellent Opportunity For Dot Net Developers,"NeoQuant Solutions Pvt. Ltd.Mumbai, Maharashtra","Mumbai, Maharashtra"
75,Dot Net Developer,"Nebulaa IT SolutionsMumbai, Maharashtra","Mumbai, Maharashtra"
76,DOT NET Developer,"Sprylogic Technologies3.7Thane, Maharashtra","Thane, Maharashtra"
77,Dot Net Developer with Web API,"Finacus Solutions Pvt Ltd3.3Andheri, Mumbai, Maharashtra","Andheri, Mumbai, Maharashtra"
78,Senior Developer - Dot Net,"BNP Paribas3.9Mumbai, Maharashtra","Mumbai, Maharashtra"
79,Dot Net Developer,"NEOTECH IT SERVICESMumbai, Maharashtra","Mumbai, Maharashtra"
80,Senior Software Engineer - Dot Net,"NEC Software Solutions (India)Mumbai, Maharashtra","Mumbai, Maharashtra"
81,Software Engineer-Dot Net,"Baker Hughes4.0Mumbai, Maharashtra","Mumbai, Maharashtra"
82,"C#, JavaScript Developer - Dot Net (Fresher upto 1 years) Re...","Confiable SolutionsRemote in Mumbai, Maharashtra","Remote in Mumbai, Maharashtra"
83,C# Developer,"GLOINNTMumbai, Maharashtra","Mumbai, Maharashtra"
84,System Integration Dot Net Developer,"Cogitate TechnologyMumbai, Maharashtra","Mumbai, Maharashtra"
85,Dot Net Developer,"Zodiac Hr ConsultantsMumbai, Maharashtra","Mumbai, Maharashtra"
86,Dot Net Developer,"NetcastserviceNavi Mumbai, Maharashtra","Navi Mumbai, Maharashtra"
87,Dot Net Developer,"PECSMumbai, Maharashtra","Mumbai, Maharashtra"
88,Dot Net Developer,"Inventure HR SolutionsMumbai, Maharashtra","Mumbai, Maharashtra"
89,Product Developer,"Iraje SoftwareMumbai, Maharashtra","Mumbai, Maharashtra"
90,senior DOT NET Developer,"Saffron Consultancy ServicesMumbai, Maharashtra","Mumbai, Maharashtra"
91,Dot NET Developer / Software Developer (MVC),"Cogitate TechnologyNavi Mumbai, Maharashtra","Navi Mumbai, Maharashtra"
92,newDot Net React Developer,"FENG GROUPMumbai, Maharashtra","Mumbai, Maharashtra"
93,ASP.NET Developer,"Laqshya Infosoft SolutionsNavi Mumbai, Maharashtra","Navi Mumbai, Maharashtra"
94,Jr. Programmer (VB/ASP DOT NET),"Aeon Software2.0Thane, Maharashtra","Thane, Maharashtra"
95,Dot Net Programmer,"Smartech Global Solutions4.0Mumbai, Maharashtra","Mumbai, Maharashtra"
96,Software Developer / Senior Software Developer,"EicoreMumbai, Maharashtra","Mumbai, Maharashtra"
97,Software Developer,"Shuban IT SolutionsBhandup, Mumbai, Maharashtra","Bhandup, Mumbai, Maharashtra"
98,Dot Net Web Developer,"Intellect Software SolutionsMumbai, Maharashtra","Mumbai, Maharashtra"
99,Dot Net Developer,"INTEGRITY softwares LLPThane, Maharashtra","Thane, Maharashtra"
100,Dot Net Developer,"Onward Technologies3.3Mumbai, Maharashtra","Mumbai, Maharashtra"
101,newDot NET Developer (Work From Home),"SPM HR SOLUTIONSRemote in Mumbai, Maharashtra","Remote in Mumbai, Maharashtra"
102,Dot Net Developer,"Humantra HRMumbai, Maharashtra","Mumbai, Maharashtra"
103,Dot Net Developer,"prism manpowerMumbai, Maharashtra","Mumbai, Maharashtra"
104,"C#, JavaScript Developer - Dot Net (Fresher upto 1 years) Re...","Confiable SolutionsRemote in Mumbai, Maharashtra","Remote in Mumbai, Maharashtra"
